{
	"أذكار الصباح والمساء" : [
			{
				"description": "من قالها حين يصبح أجير من الجن حتى يمسى ومن قالها حين يمسى أجير من الجن حتى يصبح",
				"id": 1,
				"text": "أَعُوذُ بِاللَّهِ مِنَ الشَّيطَانِ الرَّجِيمِ ﴿اللَّهُ لاَ إِلَهَ إِلاَّ هُوَ الْحَيُّ الْقَيُّومُ لاَ تَأْخُذُهُ سِنَةٌ وَلاَ نَوْمٌ لَّهُ مَا فِي السَّمَوَاتِ وَمَا فِي الأَرْضِ مَن ذَا الَّذِي يَشْفَعُ عِنْدَهُ إِلاَّ بِإِذْنِهِ يَعْلَمُ مَا بَيْنَ أَيْدِيهِمْ وَمَا خَلْفَهُمْ وَلاَ يُحِيطُونَ بِشَيْءٍ مِّنْ عِلْمِهِ إِلاَّ بِمَا شَاء وَسِعَ كُرْسِيُّهُ السَّمَوَاتِ وَالْأَرْضَ وَلاَ يَؤُودُهُ حِفْظُهُمَا وَهُوَ الْعَلِيُّ الْعَظِيمُ﴾.",
				"count": 1,
				"audio": "/audio/75.mp3",
				"filename": "75"
			},
			{
				"description" : "من قالها حين يصبح وحين يمسى كفته من كل شىء (الإخلاص والمعوذتين)",
				"id": 2,
				"text": "بسم الله الرحمن الرحيم ﴿قُلْ هُوَ اللَّهُ أَحَدٌ* اللَّهُ الصَّمَدُ* لَمْ يَلِدْ وَلَمْ يُولَدْ* وَلَمْ يَكُن لَّهُ كُفُواً أَحَدٌ﴾.  بسم الله الرحمن الرحيم ﴿قُلْ أَعُوذُ بِرَبِّ الْفَلَقِ* مِن شَرِّ مَا خَلَقَ* وَمِن شَرِّ غَاسِقٍ إِذَا وَقَبَ* وَمِن شَرِّ النَّفَّاثَاتِ فِي الْعُقَدِ* وَمِن شَرِّ حَاسِدٍ إِذَا حَسَدَ﴾.  بسم الله الرحمن الرحيم ﴿قُلْ أَعُوذُ بِرَبِّ النَّاسِ* مَلِكِ النَّاسِ* إِلَهِ النَّاسِ* مِن شَرِّ الْوَسْوَاسِ الْخَنَّاسِ* الَّذِي يُوَسْوِسُ فِي صُدُورِ النَّاسِ* مِنَ الْجِنَّةِ وَ النَّاسِ﴾ (ثلاثَ مرَّاتٍ).",
				"count": 3,
				"audio": "/audio/76.mp3",
				"filename": "76"
			},
			{
				"id": 3,
				"description" : "",
				"text": "((أَصْبَحْنَا وَأَصْبَحَ الْمُلْكُ لِلَّهِ ، وَالْحَمْدُ لِلَّهِ، لاَ إِلَهَ إلاَّ اللَّهُ وَحْدَهُ لاَ شَرِيكَ لَهُ، لَهُ الْمُلْكُ وَلَهُ الْحَمْدُ وَهُوَ عَلَى كُلِّ شَيْءٍ قَدِيرٌ، رَبِّ أَسْأَلُكَ خَيْرَ مَا فِي هَذَا الْيَوْمِ وَخَيرَ مَا بَعْدَهُ ، وَأَعُوذُ بِكَ مِنْ شَرِّ مَا فِي  هَذَا الْيَوْمِ وَشَرِّ مَا بَعْدَهُ، رَبِّ أَعُوذُ بِكَ مِنَ الْكَسَلِ وَسُوءِ الْكِبَرِ، رَبِّ أَعُوذُ بِكَ مِنْ عَذَابٍ فِي النَّارِ وَعَذَابٍ فِي الْقَبْرِ)). [ وإذا أمسى قال: أمسينا وأمسى الملك للَّه] [وإذا أمسى قال: رب أسألك خير ما في هذه الليلة، وخير ما بعدها، وأعوذ بك من شر ما في هذه الليلة، وشر ما بعدها.]",
				"count": 1,
				"audio": "/audio/77.mp3",
				"filename": "77"
			},
			{
				"id": 4,
				"text": "((اللَّهُمَّ بِكَ أَصْبَحْنَا، وَبِكَ أَمْسَيْنَا ، وَبِكَ نَحْيَا، وَبِكَ نَمُوتُ وَإِلَيْكَ النُّشُورُ)). [وإذا أمسى قال: اللَّهم بك أمسينا، وبك أصبحنا، وبك نحيا، وبك نموت، وإليك المصير.]",
				"count": 1,
				"audio": "/audio/78.mp3",
				"filename": "78"
			},
			{
				"id": 5,
				"text": "((اللَّهُمَّ أَنْتَ رَبِّي لَا إِلَهَ إِلاَّ أَنْتَ، خَلَقْتَنِي وَأَنَا عَبْدُكَ، وَأَنَا عَلَى عَهْدِكَ وَوَعْدِكَ مَا اسْتَطَعْتُ، أَعُوذُ بِكَ مِنْ شَرِّ مَا صَنَعْتُ، أَبُوءُ لَكَ بِنِعْمَتِكَ عَلَيَّ، وَأَبُوءُ بِذَنْبِي فَاغْفِرْ لِي فَإِنَّهُ لاَ يَغْفِرُ الذُّنوبَ إِلاَّ أَنْتَ)).",
				"count": 1,
				"audio": "/audio/79.mp3",
				"filename": "79"
			},
			{
				"id": 6,
				"text": "((اللَّهُمَّ إِنِّي أَصْبَحْتُ أُشْهِدُكَ، وَأُشْهِدُ حَمَلَةَ عَرْشِكَ، وَمَلاَئِكَتِكَ، وَجَمِيعَ خَلْقِكَ، أَنَّكَ أَنْتَ اللَّهُ لَا إِلَهَ إِلاَّ أَنْتَ وَحْدَكَ لاَ شَرِيكَ لَكَ، وَأَنَّ مُحَمَّداً عَبْدُكَ وَرَسُولُكَ)) (أربعَ مَرَّاتٍ).[ وإذا أمسى قال: اللَّهم إني أمسيت...]",
				"count": 4,
				"audio": "/audio/80.mp3",
				"filename": "80"
			},
			{
				"id": 7,
				"text": "((اللَّهُمَّ مَا أَصْبَحَ بِي مِنْ نِعْمَةٍ أَوْ بِأَحَدٍ مِنْ خَلْقِكَ فَمِنْكَ وَحْدَكَ لاَ شَرِيكَ لَكَ، فَلَكَ الْحَمْدُ وَلَكَ الشُّكْرُ)). [وإذا أمسى قال: اللَّهم ما أمسى بي...]",
				"count": 1,
				"audio": "/audio/81.mp3",
				"filename": "81"
			},
			{
				"id": 8,
				"text": "((اللَّهُمَّ عَافِنِي فِي بَدَنِي، اللَّهُمَّ عَافِنِي فِي سَمْعِي، اللَّهُمَّ عَافِنِي فِي بَصَرِي، لاَ إِلَهَ إِلاَّ أَنْتَ. اللَّهُمَّ  إِنِّي أَعُوذُ بِكَ مِنَ الْكُفْرِ، وَالفَقْرِ، وَأَعُوذُ بِكَ مِنْ عَذَابِ القَبْرِ، لاَ إِلَهَ إِلاَّ أَنْتَ)) (ثلاثَ مرَّاتٍ).",
				"count": 3,
				"audio": "/audio/82.mp3",
				"filename": "82"
			},
			{
				"id": 9,
				"text": "((حَسْبِيَ اللَّهُ لاَ إِلَهَ إِلاَّ هُوَ عَلَيهِ تَوَكَّلتُ وَهُوَ رَبُّ الْعَرْشِ الْعَظِيمِ)) (سَبْعَ مَرّاتٍ).",
				"count": 1,
				"audio": "/audio/83.mp3",
				"filename": "83"
			},
			{
				"id": 10,
				"text": "((اللَّهُمَّ إِنِّي أَسْأَلُكَ الْعَفْوَ وَالْعَافِيَةَ فِي الدُّنْيَا وَالآخِرَةِ، اللَّهُمَّ إِنِّي أَسْأَلُكَ الْعَفْوَ وَالْعَافِيَةَ: فِي دِينِي وَدُنْيَايَ وَأَهْلِي، وَمَالِي، اللَّهُمَّ اسْتُرْ عَوْرَاتِي، وَآمِنْ رَوْعَاتِي، اللَّهُمَّ احْفَظْنِي مِنْ بَينِ يَدَيَّ، وَمِنْ خَلْفِي، وَعَنْ يَمِينِي، وَعَنْ شِمَالِي، وَمِنْ فَوْقِي، وَأَعُوذُ بِعَظَمَتِكَ أَنْ أُغْتَالَ مِنْ تَحْتِي)).",
				"count": 1,
				"audio": "/audio/84.mp3",
				"filename": "84"
			},
			{
				"id": 11,
				"text": "((اللَّهُمَّ عَالِمَ الغَيْبِ وَالشَّهَادَةِ فَاطِرَ السَّمَوَاتِ وَالْأَرْضِ، رَبَّ كُلِّ شَيْءٍ وَمَلِيكَهُ، أَشْهَدُ أَنْ لاَ إِلَهَ إِلاَّ أَنْتَ، أَعُوذُ بِكَ مِنْ شَرِّ نَفْسِي، وَمِنْ شَرِّ الشَّيْطانِ وَشَرَكِهِ، وَأَنْ أَقْتَرِفَ عَلَى  نَفْسِي سُوءاً، أَوْ أَجُرَّهُ إِلَى مُسْلِمٍ)).",
				"count": 1,
				"audio": "/audio/85.mp3",
				"filename": "85"
			},
			{
				"id": 12,
				"text": "((بِسْمِ اللَّهِ الَّذِي لاَ يَضُرُّ مَعَ اسْمِهِ شَيْءٌ فِي الْأَرْضِ وَلاَ فِي السّمَاءِ وَهُوَ السَّمِيعُ الْعَلِيمُ)) (ثلاثَ مرَّاتٍ).",
				"count": 3,
				"audio": "/audio/86.mp3",
				"filename": "86"
			},
			{
				"id": 13,
				"text": "((رَضِيتُ بِاللَّهِ رَبَّاً، وَبِالْإِسْلاَمِ دِيناً، وَبِمُحَمَّدٍ صلى الله عليه وسلم نَبِيّاً)) (ثلاثَ مرَّاتٍ).",
				"count": 3,
				"audio": "/audio/87.mp3",
				"filename": "87"
			},
			{
				"id": 14,
				"text": "((يَا حَيُّ يَا قَيُّومُ بِرَحْمَتِكَ أَسْتَغيثُ أَصْلِحْ لِي شَأْنِيَ كُلَّهُ وَلاَ تَكِلْنِي إِلَى نَفْسِي طَرْفَةَ عَيْنٍ)).",
				"count": 1,
				"audio": "/audio/88.mp3",
				"filename": "88"
			},
			{
				"id": 15,
				"text": "((أَصْبَحْنَا وَأَصْبَحَ الْمُلْكُ لِلَّهِ رَبِّ الْعَالَمِينَ، اللَّهُـمَّ إِنِّي أَسْأَلُكَ خَيْرَ هَذَا الْيَوْمِ:فَتْحَهُ، وَنَصْرَهُ، وَنورَهُ، وَبَرَكَتَهُ، وَهُدَاهُ، وَأَعُوذُ بِكَ مِنْ شَرِّ مَا فِيهِ وَشَرِّ مَا بَعْدَهُ)). [وإذا أمسى قال: أمسينا وأمسى الملك للَّه ربّ العالمين اللَّهم إني أسألك خير هذه الليلة: فتحها، ونصرها، ونورها، وبركتها، وهداها، وأعوذ بك من شر ما فيها، وشر ما بعدها.]",
				"count": 1,
				"audio": "/audio/89.mp3",
				"filename": "89"
			},
			{
				"id": 16,
				"text": "((أَصْبَحْنا عَلَى فِطْرَةِ الْإِسْلاَمِ، وَعَلَى كَلِمَةِ الْإِخْلاَصِ، وَعَلَى دِينِ نَبِيِّنَا مُحَمَّدٍ صلى الله عليه وسلم، وَعَلَى مِلَّةِ أَبِينَا إِبْرَاهِيمَ، حَنِيفاً مُسْلِماً وَمَا كَانَ مِنَ الْمُشرِكِينَ)). [وإذا أمسى قال: أمسينا على فطرة الإسلام...]",
				"count": 1,
				"audio": "/audio/90.mp3",
				"filename": "90"
			},
			{
				"id": 17,
				"text": "((سُبْحَانَ اللَّهِ وَبِحَمْدِهِ)) (مائة مرَّةٍ).",
				"count": 100,
				"audio": "/audio/91.mp3",
				"filename": "91"
			},
			{
				"id": 18,
				"text": "((لاَ إِلَهَ إِلاَّ اللَّهُ وَحْدَهُ لاَ شَرِيكَ لَهُ، لَهُ الْمُلْكُ وَلَهُ الْحَمْدُ، وَهُوَ عَلَى كُلِّ شَيْءٍ قَدِيرٌ)) (عشرَ مرَّات) ، أَوْ (مرَّةً واحدةً عندَ الكَسَلِ).",
				"count": 10,
				"audio": "/audio/92.mp3",
				"filename": "92"
			},
			{
				"id": 19,
				"text": "((لاَ إِلَهَ إِلاَّ اللَّهُ، وَحْدَهُ لاَ شَرِيكَ لَهُ، لَهُ الْمُلْكُ وَلَهُ الْحَمْدُ وَهُوَ عَلَى كُلِّ شَيْءٍ قَدِيرٌ)) (مائةَ مرَّةٍ إذا أصبحَ).",
				"count": 100,
				"audio": "/audio/93.mp3",
				"filename": "93"
			},
			{
				"id": 20,
				"text": "((سُبْحَانَ اللَّهِ وَبِحَمْدِهِ: عَدَدَ خَلْقِهِ، وَرِضَا نَفْسِهِ، وَزِنَةَ عَرْشِهِ، وَمِدَادَ كَلِمَاتِهِ)) (ثلاثَ مرَّاتٍ إذا أصبحَ).",
				"count": 3,
				"audio": "/audio/94.mp3",
				"filename": "94"
			},
			{
				"id": 21,
				"text": "((اللَّهُمَّ إِنِّي أَسْأَلُكَ عِلْماً نَافِعاً، وَرِزْقاً طَيِّباً، وَعَمَلاً مُتَقَبَّلاً)) (إذا أصبحَ).",
				"count": 1,
				"audio": "/audio/95.mp3",
				"filename": "95"
			},
			{
				"id": 22,
				"text": "((أَسْتَغْفِرُ اللَّهَ وَأَتُوبُ إِلَيْهِ)) (مِائَةَ مَرَّةٍ فِي الْيَوْمِ).",
				"count": 100,
				"audio": "/audio/96.mp3",
				"filename": "96"
			},
			{
				"id": 23,
				"text": "((أَعُوذُ بِكَلِمَاتِ اللَّهِ التَّامَّاتِ مِنْ شَرِّ مَا خَلَقَ)) (ثلاثَ مرَّاتٍ إذا أمسى).",
				"count": 3,
				"audio": "/audio/97.mp3",
				"filename": "97"
			},
			{
				"id": 24,
				"text": "((اللَّهُمَّ صَلِّ وَسَلِّمْ عَلَى نَبَيِّنَا مُحَمَّدٍ)) (عشرَ مرَّاتٍ).",
				"count": 10,
				"audio": "/audio/98.mp3",
				"filename": "98"
			}
		],
    
	"أذكار النوم": [
			{
				"id": 1,
				"text": "((يَجْمَعُ كَفَّيْهِ ثُمَّ يَنْفُثُ فِيهِمَا فَيَقْرَأُ فِيهِمَا:بسم الله الرحمن الرحيم ﴿قُلْ هُوَ اللَّهُ أَحَدٌ * اللَّهُ الصَّمَدُ* لَمْ يَلِدْ وَلَمْ يُولَدْ* وَلَمْ يَكُن لَّهُ كُفُواً أَحَدٌ﴾.  بسم الله الرحمن الرحيم ﴿قُلْ أَعُوذُ بِرَبِّ الْفَلَقِ* مِن شَرِّ مَا خَلَقَ* وَمِن شَرِّ غَاسِقٍ إِذَا وَقَبَ* وَمِن شَرِّ النَّفَّاثَاتِ فِي الْعُقَدِ* وَمِن شَرِّ حَاسِدٍ إِذَا حَسَدَ﴾.  بسم الله الرحمن الرحيم ﴿قُلْ أَعُوذُ بِرَبِّ النَّاسِ* مَلِكِ النَّاسِ* إِلَهِ النَّاسِ* مِن شَرِّ الْوَسْوَاسِ الْخَنَّاسِ* الَّذِي يُوَسْوِسُ فِي صُدُورِ النَّاسِ* مِنَ الْجِنَّةِ وَ النَّاسِ﴾ ثُمَّ يَمْسَحُ بِهِمَا مَا اسْتَطَاعَ مِنْ جَسَدِهِ يَبْدَأُ بِهِمَا عَلَى رَأْسِهِ وَوَجْهِهِ وَمَا أَقبَلَ مِنْ جَسَدِهِ)) (يفعلُ ذلك ثلاثَ مرَّاتٍ).",
				"count": 3,
				"audio": "/audio/99.mp3",
				"filename": "99"
			},
			{
				"id": 2,
				"text": "﴿اللَّهُ لاَ إِلَهَ إِلاَّ هُوَ الْحَيُّ الْقَيُّومُ لاَ تَأْخُذُهُ سِنَةٌ وَلاَ نَوْمٌ لَّهُ مَا فِي السَّمَوَاتِ وَمَا فِي الأَرْضِ مَن ذَا الَّذِي يَشْفَعُ عِنْـــــــــــدَهُ إِلاَّ بِإِذْنِهِ يَعْلَمُ مَا بَيْنَ أَيْدِيهِمْ وَمَا خَلْفَهُمْ وَلاَ يُحِيطُونَ بِشَيْءٍ مِّنْ عِلْمِهِ إِلاَّ بِمَا شَاء وَسِعَ كُرْسِيُّهُ السَّمَوَاتِ وَالأَرْضَ وَلاَ يَؤُودُهُ حِفْظُهُمَا وَهُوَ الْعَلِيُّ الْعَظِيمُ﴾.",
				"count": 1,
				"audio": "/audio/100.mp3",
				"filename": "100"
			},
			{
				"id": 3,
				"text": "﴿آمَنَ الرَّسُولُ بِمَا أُنزِلَ إِلَيْهِ مِن رَّبِّهِ وَالْمُؤْمِنُونَ كُلٌّ آمَنَ بِاللَّهِ وَمَلآئِكَتِهِ وَكُتُبِهِ وَرُسُلِهِ لاَ نُفَرِّقُ بَيْنَ أَحَدٍ مِّن رُّسُلِهِ وَقَالُواْ سَمِعْنَا وَأَطَعْنَا غُفْرَانَكَ رَبَّنَا وَإِلَيْكَ الْمَصِيرُ* لاَ يُكَلِّفُ اللَّهُ نَفْساً إِلاَّ وُسْعَهَا لَهَا مَا كَسَبَتْ وَعَلَيْهَا مَا اكْتَسَبَتْ رَبَّنَا لاَ تُؤَاخِذْنَا إِن نَّسِينَا أَوْ أَخْطَأْنَا رَبَّنَا وَلاَ تَحْمِلْ عَلَيْنَا إِصْراً كَمَا حَمَلْتَهُ عَلَى الَّذِينَ مِن قَبْلِنَا رَبَّنَا وَلاَ تُحَمِّلْنَا مَا لاَ طَاقَةَ لَنَا بِهِ وَاعْفُ عَنَّا وَاغْفِرْ لَنَا وَارْحَمْنَآ أَنتَ مَوْلاَنَا فَانصُرْنَا عَلَى الْقَوْمِ الْكَافِرِينَ﴾.",
				"count": 1,
				"audio": "/audio/101.mp3",
				"filename": "101"
			},
			{
				"id": 4,
				"text": "((بِاسْمِكَ رَبِّي وَضَعْتُ جَنْبِي، وَبِكَ أَرْفَعُهُ، فَإِن أَمْسَكْتَ نَفْسِي فارْحَمْهَا، وَإِنْ أَرْسَلْتَهَا فَاحْفَظْهَا، بِمَا تَحْفَظُ بِهِ عِبَادَكَ الصَّالِحِينَ)).",
				"count": 1,
				"audio": "/audio/102.mp3",
				"filename": "102"
			},
			{
				"id": 5,
				"text": "((اللَّهُمَّ إِنَّكَ خَلَقْتَ نَفْسِي وَأَنْتَ تَوَفَّاهَا، لَكَ مَمَاتُهَا وَمَحْياهَا، إِنْ أَحْيَيْتَهَا فَاحْفَظْهَا، وَإِنْ أَمَتَّهَا فَاغْفِرْ لَهَا. اللَّهُمَّ إِنِّي أَسْأَلُكَ العَافِيَةَ)).",
				"count": 1,
				"audio": "/audio/103.mp3",
				"filename": "103"
			},
			{
				"id": 6,
				"text": " ((اللَّهُمَّ قِنِي عَذَابَكَ يَوْمَ تَبْعَثُ عِبَادَكَ)).",
				"count": 1,
				"audio": "/audio/104.mp3",
				"filename": "104"
			},
			{
				"id": 7,
				"text": "((بِاسْمِكَ اللَّهُمَّ أَمُوتُ وَأَحْيَا)).",
				"count": 1,
				"audio": "/audio/105.mp3",
				"filename": "105"
			},
			{
				"id": 8,
				"text": "((سُبْحَانَ اللَّهِ (ثلاثاً وثلاثين) وَالْحَمْدُ لِلَّهِ (ثلاثاً وثلاثين) وَاللَّهُ أَكْبَرُ (أربعاً وثلاثينَ))).",
				"count": 1,
				"audio": "/audio/106.mp3",
				"filename": "106"
			},
			{
				"id": 9,
				"text": "((اللَّهُمَّ رَبَّ السَّمَوَاتِ السَّبْعِ وَرَبَّ الأَرْضِ، وَرَبَّ الْعَرْشِ الْعَظِيمِ، رَبَّنَا وَرَبَّ كُلِّ شَيْءٍ، فَالِقَ الْحَبِّ وَالنَّوَى، وَمُنْزِلَ التَّوْرَاةِ وَالْإِنْجِيلِ، وَالْفُرْقَانِ، أَعُوذُ بِكَ مِنْ شَرِّ كُلِّ شَيْءٍ أَنْتَ آخِذٌ بِنَاصِيَتِهِ. اللَّهُمَّ أَنْتَ الأَوَّلُ فَلَيْسَ قَبْلَكَ شَيْءٌ، وَأَنْتَ الآخِرُ فَلَيسَ بَعْدَكَ شَيْءٌ، وَأَنْتَ الظَّاهِرُ فَلَيْسَ فَوْقَكَ شَيْءٌ، وَأَنْتَ الْبَاطِنُ فَلَيْسَ دُونَكَ شَيْءٌ، اقْضِ عَنَّا الدَّيْنَ وَأَغْنِنَا مِنَ الْفَقْرِ)).",
				"count": 1,
				"audio": "/audio/107.mp3",
				"filename": "107"
			},
			{
				"id": 10,
				"text": "((الْحَمْدُ لِلَّهِ الَّذِي أَطْعَمَنَا وَسَقَانَا، وَكَفَانَا، وَآوَانَا، فَكَمْ مِمَّنْ لاَ كَافِيَ لَهُ وَلاَ مُؤْوِيَ)).",
				"count": 1,
				"audio": "/audio/108.mp3",
				"filename": "108"
			},
			{
				"id": 11,
				"text": "((اللَّهُمَّ عَالِمَ الغَيْبِ وَالشَّهَادَةِ فَاطِرَ السَّمَوَاتِ وَالْأَرْضِ، رَبَّ كُلِّ شَيْءٍ وَمَلِيكَهُ، أَشْهَدُ أَنْ لاَ إِلَهَ إِلاَّ أَنْتَ، أَعُوذُ بِكَ مِنْ شَرِّ نَفْسِي، وَمِنْ شَرِّ الشَّيْطانِ وَشِرْكِهِ، وَأَنْ أَقْتَرِفَ عَلَى نَفْسِي سُوءاً، أَوْ أَجُرَّهُ إِلَى مُسْلِمٍ)).",
				"count": 1,
				"audio": "/audio/109.mp3",
				"filename": "109"
			},
			{
				"id": 12,
				"text": "((يَقْرَأُ ﴿الم﴾ تَنْزِيلَ السَّجْدَة ِ،  وَتَبَارَكَ الَّذي بِيَدِهِ الْمُلْكُ)).",
				"count": 1,
				"audio": "/audio/110.mp3",
				"filename": "110"
			},
			{
				"id": 13,
				"text": "((اللَّهُمَّ أَسْلَمْتُ نَفْسِي إِلَيْكَ، وَفَوَّضْتُ أَمْرِي إِلَيْكَ، وَوَجَّهْتُ وَجْهِي إِلَيْكَ، وَأَلْجَأْتُ ظَهْرِي إِلَيْكَ، رَغْبَةً وَرَهْبَةً إِلَيْكَ، لاَ مَلْجَأَ وَلاَ مَنْجَا مِنْكَ إِلاَّ إِلَيْكَ، آمَنْتُ بِكِتَابِكَ الَّذِي أَنْزَلْتَ، وَبِنَبِيِّكَ الَّذِي أَرْسَلْتَ)).",
				"count": 1,
				"audio": "/audio/111.mp3",
				"filename": "111"
			}
		],

	   "أذكار الاستيقاظ من النوم":[
			{
				"id": 1,
				"text": "( الْحَمْدُ للَّهِ الَّذِي أَحْيَانَا بَعْدَ مَا أَمَاتَنَا، وَإِلَيْهِ النُّشُورُ )",
				"count": 1,
				"audio": "/audio/1.mp3",
				"filename": "1"
			},
			{
				"id": 2,
				"text": "( لاَ إِلَهَ إِلاَّ اللَّهُ وَحْدَهُ لاَ شَريكَ لَهُ، لَهُ الْمُلْكُ وَلَهُ الْحَمْدُ، وَهُوَ عَلَى كُلِّ شَيْءٍ قَدِيرٌ، سُبْحَانَ اللَّهِ، وَالْحَمْدُ للَّهِ، وَلاَ إِلَهَ إِلاَّ اللَّهُ، وَاللَّهُ أَكبَرُ، وَلاَ حَوْلَ وَلاَ قُوَّةَ إِلاَّ بِاللَّهِ الْعَلِيِّ الْعَظِيمِ، رَبِّ اغْفرْ لِي ).",
				"count": 1,
				"audio": "/audio/2.mp3",
				"filename": "2"
			},
			{
				"id": 3,
				"text": "( الْحَمْدُ لِلَّهِ الَّذِي عَافَانِي فِي جَسَدِي، وَرَدَّ عَلَيَّ رُوحِي، وَأَذِنَ لي بِذِكْرِهِ )",
				"count": 1,
				"audio": "/audio/3.mp3",
				"filename": "3"
			},
			{
				"id": 4,
				"text": "﴿ إِنَّ فِي خَلْقِ السَّمَوَاتِ وَالأَرْضِ وَاخْتِلاَفِ اللَّيْلِ وَالنَّهَارِ لَآيَاتٍ لأُوْلِي الألْبَابِ * الَّذِينَ يَذْكُرُونَ اللَّهَ قِيَاماً وَقُعُوداً وَعَلَىَ جُنُوبِهِمْ وَيَتَفَكَّرُونَ فِي خَلْقِ السَّمَوَاتِ وَالأَرْضِ رَبَّنَا مَا خَلَقْتَ هَذا بَاطِلاً سُبْحَانَكَ فَقِنَا عَذَابَ النَّارِ* رَبَّنَا إِنَّكَ مَن تُدْخِلِ النَّارَ فَقَدْ أَخْزَيْتَهُ وَمَا لِلظَّالِمِينَ مِنْ أَنصَارٍ* رَّبَّنَا إِنَّنَا سَمِعْنَا مُنَادِياً يُنَادِي لِلإِيمَانِ أَنْ آمِنُواْ بِرَبِّكُمْ فَآمَنَّا رَبَّنَا فَاغْفِرْ لَنَا ذُنُوبَنَا وَكَفِّرْ عَنَّا سَيِّئَاتِنَا وَتَوَفَّنَا مَعَ الأبْرَارِ* رَبَّنَا وَآتِنَا مَا وَعَدتَّنَا عَلَى رُسُلِكَ وَلاَ تُخْزِنَا يَوْمَ الْقِيَامَةِ إِنَّكَ لاَ تُخْلِفُ الْمِيعَادَ* فَاسْتَجَابَ لَهُمْ رَبُّهُمْ أَنِّي لاَ أُضِيعُ عَمَلَ عَامِلٍ مِّنكُم مِّن ذَكَرٍ أَوْ أُنثَى بَعْضُكُم مِّن بَعْضٍ فَالَّذِينَ هَاجَرُواْ وَأُخْرِجُواْ مِن دِيَارِهِمْ وَأُوذُواْ فِي سَبِيلِي وَقَاتَلُواْ وَقُتِلُواْ لأُكَفِّرَنَّ عَنْهُمْ سَيِّئَاتِهِمْ وَلأُدْخِلَنَّهُمْ جَنَّاتٍ تَجْرِي مِن تَحْتِهَا الأَنْهَارُ ثَوَاباً مِّن عِندِ اللَّهِ وَاللَّهُ عِندَهُ حُسْنُ الثَّوَابِ * لاَ يَغُرَّنَّكَ تَقَلُّبُ الَّذِينَ كَفَرُواْ فِي الْبِلاَدِ * مَتَاعٌ قَلِيلٌ ثُمَّ مَأْوَاهُمْ جَهَنَّمُ وَبِئْسَ الْمِهَادُ * لَكِنِ الَّذِينَ اتَّقَوْاْ رَبَّهُمْ لَهُمْ جَنَّاتٌ تَجْرِي مِنْ تَحْتِهَا الأَنْهَارُ خَالِدِينَ فِيهَا نُزُلاً مِّنْ عِندِ اللَّهِ وَمَا عِندَ اللَّهِ خَيْرٌ لِّلأَبْرَارِ * وَإِنَّ مِنْ أَهْلِ الْكِتَابِ لَمَن يُؤْمِنُ بِاللَّهِ وَمَا أُنزِلَ إِلَيْكُمْ وَمَآ أُنزِلَ إِلَيْهِمْ خَاشِعِينَ لِلَّهِ لاَ يَشْتَرُونَ بِآيَاتِ اللَّهِ ثَمَناً قَلِيلاً أُوْلَئِكَ لَهُمْ أَجْرُهُمْ عِندَ رَبِّهِمْ إِنَّ اللَّهَ سَرِيعُ الْحِسَابِ*يَا أَيُّهَا الَّذِينَ آمَنُواْ اصْبِرُواْ وَصَابِرُواْ وَرَابِطُواْ وَاتَّقُواْ اللَّهَ لَعَلَّكُمْ تُفْلِحُونَ ﴾",
				"count": 1,
				"audio": "/audio/4.mp3",
				"filename": "4"
			}
		],
    "دعاء دخول الخلاء": [
			{
				"id": 1,
				"text": "([بِسْمِ اللَّهِ] اللَّهُمَّ إِنِّي أَعُوذُ بِكَ مِنَ الْخُبْثِ وَالْخَبائِث).",
				"count": 1,
				"audio": "/audio/10.mp3",
				"filename": "10"
			}
		],
    "دعاء الخروج من الخلاء": [
			{
				"id": 1,
				"text": "(غُفْرَانَكَ).",
				"count": 1,
				"audio": "/audio/11.mp3",
				"filename": "11"
			}
		]
	,
  "الذكر قبل الوضوء": [
			{
				"id": 1,
				"text": "(بِسْمِ اللَّهِ).",
				"count": 1,
				"audio": "/audio/12.mp3",
				"filename": "12"
			}
		],
    "الذكر بعد الفراغ من الوضوء": [
			{
				"id": 1,
				"text": "(أَشْهَدُ أَنْ لاَ إِلَهَ إِلاَّ اللَّهُ وَحْدَهُ لاَ شَرِيكَ لَهُ وَأَشْهَدُ أَنَّ مُحَمَّداً عَبْدُهُ وَرَسُولُهُ..).",
				"count": 1,
				"audio": "/audio/13.mp3",
				"filename": "13"
			},
			{
				"id": 2,
				"text": "(اللَّهُمَّ اجْعَلْنِي مِنَ التَّوَّابِينَ وَاجْعَلْنِي مِنَ الْمُتَطَهِّرِينَ)",
				"count": 1,
				"audio": "/audio/14.mp3",
				"filename": "14"
			},
			{
				"id": 3,
				"text": "(سُبْحانَكَ اللَّهُمَّ وَبِحَمْدِكَ، أَشْهَدُ أَنْ لاَ إِلَهَ إِلاَّ أَنْتَ، أَسْتَغْفِرُكَ وَأَتوبُ إِلَيْكَ).",
				"count": 1,
				"audio": "/audio/15.mp3",
				"filename": "15"
			}
		],
    
    "الذكر عند الخروج من المنزل": [
			{
				"id": 1,
				"text": "(بِسْمِ اللَّهِ، تَوَكَّلْتُ عَلَى اللَّهِ، وَلَاَ حَوْلَ وَلَا قُوَّةَ إِلاَّ بِاللَّهِ).",
				"count": 1,
				"audio": "/audio/16.mp3",
				"filename": "16"
			},
			{
				"id": 2,
				"text": "(اللَّهُمَّ إِنِّي أَعُوذُ بِكَ أَنْ أَضِلَّ، أَوْ أُضَلَّ، أَوْ أَزِلَّ، أَوْ أُزَلَّ، أَوْ أَظْلِمَ، أَوْ أُظْلَمَ، أَوْ أَجْهَلَ، أَوْ يُجْهَلَ عَلَيَّ).",
				"count": 1,
				"audio": "/audio/17.mp3",
				"filename": "17"
			}
		]
	,
  "الذكر عند دخول المنزل": [
			{
				"id": 1,
				"text": "(بِسْمِ اللَّهِ وَلَجْنَا، وَبِسْمِ اللَّهِ خَرَجْنَا، وَعَلَى اللَّهِ رَبِّنَا تَوَكَّلْنَا، ثُمَّ لِيُسَلِّمْ عَلَى أَهْلِهِ).",
				"count": 1,
				"audio": "/audio/18.mp3",
				"filename": "18"
			}
		]
	,
  "دعاء الذهاب إلى المسجد": [
			{
				"id": 1,
				"text": "(اللَّهُمَّ اجْعَلْ فِي قَلْبِي نُوراً، وَفِي لِسَانِي نُوراً، وَفِي سَمْعِي نُوراً، وَفِي بَصَرِي نُوراً، وَمِنْ فَوْقِي نُوراً، وَمِنْ تَحْتِي نُوراً، وَعَنْ يَمِينِي نُوراً، وَعَنْ شِمَالِي نُوراً، وَمِنْ أَمَامِي نُوراً، وَمِنْ خَلْفِي نُوراً، وَاجْعَلْ فِي نَفْسِي نُوراً، وَأَعْظِمْ لِي نُوراً، وَعَظِّم لِي نُوراً، وَاجْعَلْ لِي نُوراً، وَاجْعَلْنِي نُوراً، اللَّهُمَّ أَعْطِنِي نُوراً، وَاجْعَلْ فِي عَصَبِي نُوراً، وَفِي لَحْمِي نُوراً، وَفِي دَمِي نُوراً، وَفِي شَعْرِي نُوراً، وَفِي بَشَرِي نُوراً)([اللَّهُمَّ اجْعَلْ لِي نُوراً فِي قَبْرِي... وَنُوراً فِي عِظَامِي])[(وَزِدْنِي نُوراً، وَزِدْنِي نُوراً، وَزِدْنِي نُوراً)][(وَهَبْ لِي نُوراً عَلَى نُورٍ)]",
				"count": 1,
				"audio": "/audio/19.mp3",
				"filename": "19"
			}
		],
    
    "دعاء دخول المسجد": [
			{
				"id": 1,
				"text": "(يَبْدَأُ بِرِجْلِهِ الْيُمْنَى) ، وَيَقُولُ: ((أَعُوذُ بِاللَّهِ العَظِيمِ، وَبِوَجْهِهِ الْكَرِيمِ، وَسُلْطَانِهِ الْقَدِيمِ، مِنَ الشَّيْطَانِ الرَّجِيمِ))  [بِسْمِ اللَّهِ، وَالصَّلَاةُ] [وَالسَّلَامُ عَلَى رَسُولِ اللَّهِ]  ((اللَّهُمَّ افْتَحْ لِي أَبْوَابَ رَحْمَتِكَ)).",
				"count": 1,
				"audio": "/audio/20.mp3",
				"filename": "20"
			}
		],
    "دعاء الخروج من المسجد" : [
			{
				"id": 1,
				"text": "((يَبْدَأُ بِرِجْلِهِ الْيُسْرَى))  وَيَقُولُ: ((بِسْمِ اللَّهِ وَالصّلَاةُ وَالسَّلَامُ عَلَى رَسُولِ اللَّهِ، اللَّهُمَّ إِنِّي أَسْأَلُكَ مِنْ فَضْلِك، اللَّهُمَّ اعْصِمْنِي مِنَ الشَّيْطَانِ الرَّجِيمِ)).",
				"count": 1,
				"audio": "/audio/21.mp3",
				"filename": "21"
			}
		],
    
    "أذكار الآذان" : [
			{
				"id": 1,
				"text": " يَقُولُ مِثْلَ مَا يَقُولُ المُؤَذِّنُ إِلاَّ فِي ((حَيَّ عَلَى الصَّلَاةِ وَحَيَّ عَلَى الْفَلَاحِ)) فَيقُولُ: ((لاَ حَوْلَ وَلاَ قُوَّةَ إِلاَّ بِاللَّهِ)).",
				"count": 1,
				"audio": "/audio/22.mp3",
				"filename": "22"
			},
			{
				"id": 2,
				"text": " يَقُولُ: ((وَأَنَا أَشْهَدُ أَنْ لاَ إِلَهَ إِلاَّ اللَّهُ وَحْدَهُ لاَ شَرِيكَ لَهُ وَأَنَّ مُحَمَّداً عَبْدُهُ وَرَسُولُهُ، رَضِيتُ بِاللَّهِ رَبَّاً، وَبِمُحَمَّدٍ رَسُولاً، وَبِالْإِسْلاَمِ دِينَاً)) ((يَقُولُ ذَلِكَ عَقِبَ تَشَهُّدِ الْمُؤَذِّنِ)).",
				"count": 1,
				"audio": "/audio/23.mp3",
				"filename": "23"
			},
			{
				"id": 3,
				"text": " ((يُصَلِّي عَلَى النَّبِيِّ صلى الله عليه وسلم بَعْدَ فَرَاغِهِ مِنْ إِجَابَةِ الْمُؤَذِّنِ)).",
				"count": 1,
				"audio": "/audio/24.mp3",
				"filename": "24"
			},
			{
				"id": 4,
				"text": "يَقُولُ: ((اللَّهُمَّ رَبَّ هَذِهِ الدَّعْوَةِ التَّامَّةِ، وَالصَّلاَةِ الْقَائِمَةِ، آتِ مُحَمَّداً الْوَسِيلَةَ وَالْفَضِيلَةَ، وَابْعَثْهُ مَقَامَاً مَحمُوداً الَّذِي وَعَدْتَهُ، [إِنَّكَ لَا تُخْلِفُ الْمِيعَادَ])).",
				"count": 1,
				"audio": "/audio/25.mp3",
				"filename": "25"
			},
			{
				"id": 5,
				"text": "((يَدْعُو لِنَفسِهِ بَيْنَ الْأَذَانِ وَالْإِقَامَةِ فَإِنَّ الدُّعَاءَ حِينَئِذٍ لاَ يُرَدُّ)).",
				"count": 1,
				"audio": "/audio/26.mp3",
				"filename": "26"
			}
		],
    
    "دعاء ُلبْس الثوب" : [
			{
				"id": 1,
				"text": "(الْحَمْدُ للَّهِ الَّذِي كَسَانِي هَذَا (الثَّوْبَ) وَرَزَقَنِيهِ مِنْ غَيْرِ حَوْلٍ مِنِّي وَلاَ قُوَّة...)",
				"count": 1,
				"audio": "/audio/5.mp3",
				"filename": "5"
			}
		],
    "دعاء ُلبْس الثوب الجديد": [
			{
				"id": 1,
				"text": "( اللَّهُمَّ لَكَ الْحَمْدُ أَنْتَ كَسَوْتَنِيهِ، أَسْأَلُكَ مِنْ خَيْرِهِ وَخَيْرِ مَا صُنِعَ لَهُ، وَأَعُوذُ بِكَ مِنْ شَرِّهِ وَشَرِّ مَا صُنِعَ لَهُ).",
				"count": 1,
				"audio": "/audio/6.mp3",
				"filename": "6"
			}
		],
    "الدعاء لمن لبس ثوبا جديدا" : [
			{
				"id": 1,
				"text": "(تُبْلِي وَيُخْلِفُ اللَّهُ تَعَالَى)",
				"count": 1,
				"audio": "/audio/7.mp3",
				"filename": "7"
			},
			{
				"id": 2,
				"text": "(اِلْبَسْ جَدِيداً وَعِشْ حَمِيداً وَمُتْ شَهِيداً).",
				"count": 1,
				"audio": "/audio/8.mp3",
				"filename": "8"
			}
		],
    "ما يقول إذا وضع ثوبه": [
			{
				"id": 1,
				"text": "(بِسْمِ اللَّهِ).",
				"count": 1,
				"audio": "/audio/9.mp3",
				"filename": "9"
			}
		],
    "دعاء الاستفتاح": [
			{
				"id": 1,
				"text": " ((اللَّهُمَّ بَاعِدْ بَيْنِي وَبَيْنَ خَطَايَايَ كَمَا بَاعَدْتَ بَيْنَ الْمَشْرِقِ وَالْمَغْرِبِ، اللَّهُمَّ نَقِّنِي مِنْ خَطَايَايَ كَمَا يُنَقَّى الثَّوْبُ الْأَبْيَضُ مِنَ الدَّنَسِ، اللَّهُمَّ اغْسِلْني مِنْ خَطَايَايَ، بِالثَّلْجِ وَالْماءِ وَالْبَرَدِ)).",
				"count": 1,
				"audio": "/audio/27.mp3",
				"filename": "27"
			},
			{
				"id": 2,
				"text": "((سُبْحانَكَ اللَّهُمَّ وَبِحَمْدِكَ، وَتَبارَكَ اسْمُكَ، وَتَعَالَى جَدُّكَ، وَلاَ إِلَهَ غَيْرُكَ)).",
				"count": 1,
				"audio": "/audio/28.mp3",
				"filename": "28"
			},
			{
				"id": 3,
				"text": "((وَجَّهْتُ وَجْهِيَ لِلَّذِي فَطَرَ السَّمَوَاتِ وَالأَرْضَ حَنِيفَاً وَمَا أَنَا مِنَ الْمُشْرِكِينَ، إِنَّ صَلاَتِي، وَنُسُكِي، وَمَحْيَايَ، وَمَمَاتِي لِلَّهِ رَبِّ الْعَالَمِينَ، لاَ شَرِيكَ لَهُ وَبِذَلِكَ أُمِرْتُ وَأَنَا مِنَ الْمُسْلِمِينَ. اللَّهُمَّ أَنْتَ المَلِكُ لاَ إِلَهَ إِلاَّ أَنْتَ، أَنْتَ رَبِّي وَأَنَا عَبْدُكَ، ظَلَمْتُ نَفْسِي وَاعْتَرَفْتُ بِذَنْبِي فَاغْفِرْ لِي ذُنُوبي جَمِيعَاً إِنَّهُ لاَ يَغْفِرُ الذُّنوبَ إِلاَّ أَنْتَ. وَاهْدِنِي لِأَحْسَنِ الأَخْلاقِ لاَ يَهْدِي لِأَحْسَنِها إِلاَّ أَنْتَ، وَاصْرِفْ عَنِّي سَيِّئَهَا، لاَ يَصْرِفُ عَنِّي سَيِّئَهَا إِلاَّ أَنْتَ، لَبَّيْكَ وَسَعْدَيْكَ، وَالخَيْرُ كُلُّهُ بِيَـــــــدَيْكَ، وَالشَّـــــرُّ لَيْسَ إِلَيْــــــكَ، أَنَا بِكَ وَإِلَيْكَ، تَبارَكْتَ وَتَعَالَيْتَ، أَسْتَغْفِرُكَ وَأَتوبُ إِلَيْكَ)).",
				"count": 1,
				"audio": "/audio/29.mp3",
				"filename": "29"
			},
			{
				"id": 4,
				"text": "((اللَّهُمَّ رَبَّ جِبْرَائِيلَ، وَمِيْكَائِيلَ، وَإِسْرَافِيلَ، فَاطِرَ السَّمَوَاتِ وَالأَرْضِ، عَالِمَ الغَيْبِ وَالشَّهَادَةِ أَنْتَ تَحْكُمُ بَيْنَ عِبَادِكَ فِيمَا كَانُوا فِيهِ يَخْتَلِفُونَ. اهْدِنِي لِمَا اخْتُلِفَ فِيهِ مِنَ الْحَقِّ بِإِذْنِكَ إِنَّكَ تَهْدِي مَنْ تَشَاءُ إِلَى صِرَاطٍ مُسْتَقيمٍ)).",
				"count": 1,
				"audio": "/audio/30.mp3",
				"filename": "30"
			},
			{
				"id": 5,
				"text": "((اللَّهُ أَكْبَرُ كَبِيرَاً، اللَّهُ أَكْبَرُ كَبِيراً، اللَّهُ أَكْبَرُ كَبِيراً، وَالْحَمْدُ لِلَّهِ كَثيراً، وَالْحَمْدُ لِلَّهِ كَثيراً، وَالْحَمْدُ لِلَّهِ كَثيراً، وَسُبْحَانَ اللَّهِ بُكْرَةً وَأَصِيلاً)) ثَلاثاً ((أَعُوذُ بِاللَّهِ مِنَ الشَّيْطَانِ: مِنْ نَفْخِهِ، وَنَفْثِهِ، وَهَمْزِهِ)).",
				"count": 1,
				"audio": "/audio/31.mp3",
				"filename": "31"
			},
			{
				"id": 6,
				"text": "((اللَّهُمَّ لَكَ الْحَمْدُ، أَنْتَ نُورُ السَّمَوَاتِ وَالأَرْضِ وَمَنْ فِيهِنَّ، وَلَكَ الْحَمْدُ أَنْتَ قَيِّمُ السَّمَوَاتِ وَالأَرْضِ وَمَنْ فِيهِنَّ، [وَلَكَ الْحَمْدُ أَنْتَ رَبُّ السَّمَواتِ وَالأَرْضِ وَمَنْ فِيهِنَّ] [وَلَكَ الْحَمْدُ لَكَ مُلْكُ السَّمَوَاتِ وَالأَرْضِ وَمَنْ فِيهِنَّ] [وَلَكَ الْحَمْدُ أَنْتَ مَلِكُ السَّمَوَاتِ وَالأَرْضِ] [وَلَكَ الْحَمْدُ] [أَنْتَ الْحَقُّ، وَوَعْدُكَ الْحَقُّ، وَقَوْلُكَ الْحَقُّ، وَلِقاؤُكَ الْحَقُّ، وَالْجَنَّةُ حَقٌّ، وَالنَّارُ حَقٌّ، وَالنَّبِيُّونَ حَقٌّ، وَمحَمَّدٌ صلى الله عليه وسلم حَقٌّ، وَالسّاعَةُ حَقٌّ] [اللَّهُمَّ لَكَ أَسْلَمتُ، وَعَلَيْكَ تَوَكَّلْتُ، وَبِكَ آمَنْتُ، وَإِلَيْكَ أَنَبْتُ، وَبِكَ خاصَمْتُ، وَإِلَيْكَ حاكَمْتُ. فَاغْفِرْ لِي مَا قَدَّمْتُ، وَمَا أَخَّرْتُ، وَمَا أَسْرَرْتُ، وَمَا أَعْلَنْتُ] [وَمَا أَنْتَ أَعْلَمُ بِهِ مِنِّي] [أَنْتَ المُقَدِّمُ، وَأَنْتَ المُؤَخِّرُ لاَ إِلَهَ إِلاَّ أَنْتَ] [أَنْتَ إِلَهِي لاَ إِلَهَ إِلاَّ أَنْتَ] [وَلاَ حَوْلَ وَلاَ قُوَّةَ إِلاَّ بِاللَّهِ])).",
				"count": 1,
				"audio": "/audio/32.mp3",
				"filename": "32"
			}
		],
    "دعاء الركوع": [
			{
				"id": 1,
				"text": "((سُبْحانَ رَبِّيَ الْعَظِيمِ)). ثلاث مرَّاتٍ.",
				"count": 3,
				"audio": "/audio/33.mp3",
				"filename": "33"
			},
			{
				"id": 2,
				"text": "((سُبْحَانَكَ اللَّهُمَّ رَبَّنَا وَبِحَمْدِكَ، اللَّهُمَّ اغْفِرْ لِي)).",
				"count": 1,
				"audio": "/audio/34.mp3",
				"filename": "34"
			},
			{
				"id": 3,
				"text": "((سُبُّوُحٌ، قُدُّوسٌ، رَبُّ المَلاَئِكَةِ وَالرُّوحِ)).",
				"count": 1,
				"audio": "/audio/35.mp3",
				"filename": "35"
			},
			{
				"id": 4,
				"text": "((اللَّهُمَّ لَكَ رَكَعْتُ، وَبِكَ آمَنْتُ، وَلَكَ أَسْلَمْتُ، خَشَعَ لَكَ سَمْعِي، وَبَصَرِي، وَمُخِّي، وَعَــــظْمِي، وَعَصَبِي، [وَمَا استَقَلَّتْ بِهِ قَدَمِي])).",
				"count": 1,
				"audio": "/audio/36.mp3",
				"filename": "36"
			},
			{
				"id": 5,
				"text": "((سُبْحَانَ ذِي الْجَبَرُوتِ، وَالْمَلَكُوتِ، وَالْكِبْرِيَاءِ، وَالْعَظَمَةِ)).",
				"count": 1,
				"audio": "/audio/37.mp3",
				"filename": "37"
			}
		],
    
    "دعاء الرفع من الركوع": [
			{
				"id": 1,
				"text": "((سَمِعَ اللَّهُ لِمَنْ حَمِدَهُ)).",
				"count": 1,
				"audio": "/audio/38.mp3",
				"filename": "38"
			},
			{
				"id": 2,
				"text": "((رَبَّنَا وَلَكَ الْحَمْدُ، حَمْداً كَثيراً طَيِّباً مُبارَكاً فِيهِ)).",
				"count": 1,
				"audio": "/audio/39.mp3",
				"filename": "39"
			},
			{
				"id": 3,
				"text": "((مِلْءَ السَّمَوَاتِ وَمِلْءَ الأَرْضِ، وَمَا بَيْنَهُمَا، وَمِلْءَ مَا شِئْتَ مِنْ شَيءٍ بَعْدُ. أَهلَ الثَّناءِ وَالْمَجْدِ، أَحَقُّ مَا قَالَ الْعَبْدُ، وَكُلُّنَا لَكَ عَبْدٌ. اللَّهُمَّ لاَ مَانِعَ لِمَا أَعْطَيْتَ، وَلاَ مُعْطِيَ لِمَا مَنَعْتَ، وَلاَ يَنْفَعُ ذَا الجَدِّ مِنْكَ الجَدُّ)).",
				"count": 1,
				"audio": "/audio/40.mp3",
				"filename": "40"
			}
		],
    "دعاء السجود": [
			{
				"id": 1,
				"text": "((سُبْحَانَ رَبِّيَ الأَعْلَى)) ثلاث مرَّاتٍ.",
				"count": 3,
				"audio": "/audio/41.mp3",
				"filename": "41"
			},
			{
				"id": 2,
				"text": "((سُبْحَانَكَ اللَّهُمَّ رَبَّنَا وَبِحَمْدِكَ، اللَّهُمَّ اغْفِرْ لِي)).",
				"count": 1,
				"audio": "/audio/42.mp3",
				"filename": "42"
			},
			{
				"id": 3,
				"text": "((سُبوحٌ، قُدُّوسٌ، رَبُّ الْمَلَائِكَةِ وَالرُّوحِ)).",
				"count": 1,
				"audio": "/audio/43.mp3",
				"filename": "43"
			},
			{
				"id": 4,
				"text": "((اللَّهُمَّ لَكَ سَجَدْتُ وَبِكَ آمَنْتُ، وَلَكَ أَسْلَمْتُ، سَجَدَ وَجْهِيَ لِلَّذِي خَلَقَهُ، وَصَوَّرَهُ، وَشَقَّ سَمْعَهُ وَبَصَرَهُ، تَبَارَكَ اللَّهُ أَحْسنُ الْخَالِقينَ)).",
				"count": 1,
				"audio": "/audio/44.mp3",
				"filename": "44"
			},
			{
				"id": 5,
				"text": "((سُبْحَانَ ذِي الْجَبَرُوتِ، وَالْمَلَكُوتِ، وَالْكِبْرِيَاءِ، وَالْعَظَمَةِ)).",
				"count": 1,
				"audio": "/audio/45.mp3",
				"filename": "45"
			},
			{
				"id": 6,
				"text": "((اللَّهُمَّ اغْفِرْ لِي ذَنْبِي كُلَّهُ: دِقَّهُ وَجِلَّهُ، وَأَوَّلَهُ وَآخِرَهُ، وَعَلاَنِيَّتَهُ وَسِرَّهُ)).",
				"count": 1,
				"audio": "/audio/46.mp3",
				"filename": "46"
			},
			{
				"id": 7,
				"text": "((اللَّهُمَّ إِنِّي أَعُوذُ بِرِضَاكَ مِنْ سَخَطِكَ، وَبِمُعَافَاتِكَ مِنْ عُقوبَتِكَ، وَأَعُوذُ بِكَ مِنْكَ، لاَ أُحْصِي ثَنَاءً عَلَيْكَ، أَنْتَ كَمَا أَثْنَيْتَ عَلَى نَفْسِكَ)).",
				"count": 1,
				"audio": "/audio/47.mp3",
				"filename": "47"
			}
		],
    "دعاء الجلسة بين السجدتين": [
			{
				"id": 1,
				"text": "((رَبِّ اغْفِرْ لِي، رَبِّ اغْفِرْ لِي)).",
				"count": 1,
				"audio": "/audio/48.mp3",
				"filename": "48"
			},
			{
				"id": 2,
				"text": "((اللَّهُمَّ اغْفِرْ لِي، وَارْحَمْنِي، وَاهْدِنِي، وَاجْبُرْنِي، وَعَافِنِي، وَارْزُقْنِي، وَارْفَعْنِي)).",
				"count": 1,
				"audio": "/audio/49.mp3",
				"filename": "49"
			}
		],
    "دعاء سجود التلاوة": [
			{
				"id": 1,
				"text": "((سَجَدَ وَجْهِيَ لِلَّذِي خَلَقَهُ، وَشَقَّ سَمْعَهُ وَبَصَرَهُ بِحَوْلِهِ وَقُوَّتِهِ، ﴿فَتَبارَكَ اللَّهُ أَحْسَنُ الْخَالِقِينَ﴾)).",
				"count": 1,
				"audio": "/audio/50.mp3",
				"filename": "50"
			},
			{
				"id": 2,
				"text": "((اللَّهُمَّ اكْتُبْ لِي بِهَا عِنْدَكَ أَجْراً، وَضَعْ عَنِّي بِهَا وِزْراً، وَاجْعَلْهَا لِي عِنْدَكَ ذُخْراً، وَتَقَبَّلْهَا مِنِّي كَمَا تَقَبَّلْتَهَا مِنْ عَبْدِكَ دَاوُدَ)).",
				"count": 1,
				"audio": "/audio/51.mp3",
				"filename": "51"
			}
		],
    "التشهد": [
			{
				"id": 1,
				"text": "((التَّحِيَّاتُ لِلَّهِ، وَالصَّلَواتُ، وَالطَّيِّباتُ، السَّلاَمُ عَلَيْكَ أَيُّهَا النَّبِيُّ وَرَحْمَةُ اللَّهِ وَبَرَكَاتُهُ، السَّلاَمُ عَلَيْنَا وَعَلَى عِبَادِ اللَّهِ الصَّالِحِينَ. أَشْهَدُ أَنْ لاَ إِلَهَ إِلاَّ اللَّهُ وَأَشْهَدُ أَنَّ مُحَمَّداً عَبْدُهُ وَرَسولُهُ)).",
				"count": 1,
				"audio": "/audio/52.mp3",
				"filename": "52"
			}
		],
    "الصلاة على النبي بعد التشهد": [
			{
				"id": 1,
				"text": "((اللَّهُمَّ صَلِّ عَلَى مُحَمَّدٍ، وَعَلَى آلِ مُحَمَّدٍ، كَمَا صَلَّيتَ عَلَى إِبْرَاهِيمَ، وَعَلَى آلِ إِبْرَاهِيمَ، إِنَّكَ حَمِيدٌ مَجِيدٌ، اللَّهُمَّ بَارِكْ عَلَى مُحَمَّدٍ وَعَلَى آلِ مُحَمَّدٍ، كَمَا بَارَكْتَ عَلَى إِبْرَاهِيمَ وَعَلَى آلِ إِبْرَاهِيمَ، إِنَّكَ حَمِيدٌ مَجِيدٌ)).",
				"count": 1,
				"audio": "/audio/53.mp3",
				"filename": "53"
			},
			{
				"id": 2,
				"text": "((اللَّهُمَّ صَلِّ عَلَى مُحَمَّدٍ وَعَلَى أَزْوَاجِهِ وَذُرِّيَّتِهِ، كَمَا صَلَّيْتَ عَلَى آلِ إِبْرَاهِيمَ. وَبَارِكْ عَلَى مُحَمَّدٍ وَعَلَى أَزْواجِهِ وَذُرِّيَّتِهِ، كَمَا بَارَكْتَ عَلَى آلِ إِبْرَاهِيمَ. إِنَّكَ حَمِيدٌ مَجِيدٌ)).",
				"count": 1,
				"audio": "/audio/54.mp3",
				"filename": "54"
			}
		],
    "الدعاء بعد التشهد الأخير قبل السلام": [
			{
				"id": 1,
				"text": "((اللَّهُــمَّ إِنِّي أَعُوذُ بِكَ مِنْ عَذَابِ الْقَبْرِ، وَمِنْ عَذَابِ جَهَنَّمَ، وَمِنْ فِتْنَةِ الْمَحْيَا وَالْمَمَاتِ، وَمِنْ شَرِّ فِتْنَةِ الْمَسِيحِ الدَّجَّالِ)).",
				"count": 1,
				"audio": "/audio/55.mp3",
				"filename": "55"
			},
			{
				"id": 2,
				"text": "((اللَّهُمَّ إِنِّي أَعوذُ بِكَ مِنْ عَذَابِ الْقَبْرِ، وَأَعوذُ بِكَ مِنْ فِتْنَةِ الْمَسِيحِ الدَّجَّالِ، وَأَعوذُ بِكَ مِنْ فِتْنَةِ الْمَحْيَا وَالْمَمَاتِ. اللَّهُمَّ إِنِّي أَعوذُ بِكَ مِنَ الْمَأْثَمِ وَالْمَغْرَمِ)).",
				"count": 1,
				"audio": "/audio/56.mp3",
				"filename": "56"
			},
			{
				"id": 3,
				"text": "((اللَّهُمَّ إِنِّي ظَلَمْتُ نَفْسِي ظُلْماً كَثِيراً، وَلاَ يَغْفِرُ الذُّنوبَ إِلاَّ أَنْتَ، فَاغْفِرْ لِي مَغْفِرَةً مِنْ عِنْدِكَ وَارْحَمْنِي، إِنَّكَ أَنْتَ الغَفورُ الرَّحيمُ)).",
				"count": 1,
				"audio": "/audio/57.mp3",
				"filename": "57"
			},
			{
				"id": 4,
				"text": "((اللَّهُمَّ اغْفِرْ لِي مَا قَدَّمْتُ، وَمَا أَخَّرْتُ، وَمَا أَسْرَرْتُ، وَمَا أَعْلَنْتُ، وَمَا أَسْرَفْتُ، وَمَا أَنْتَ أَعْلَمُ بِهِ مِنِّي. أَنْتَ الْمُقَدِّمُ، وَأَنْتَ الْمُؤَخِّرُ لاَ إِلَهَ إِلاَّ أَنْتَ)).",
				"count": 1,
				"audio": "/audio/58.mp3",
				"filename": "58"
			},
			{
				"id": 5,
				"text": "((اللَّهُمَّ أَعِنِّي عَلَى ذِكْرِكَ، وَشُكْرِكَ، وَحُسْنِ عِبادَتِكَ)).",
				"count": 1,
				"audio": "/audio/59.mp3",
				"filename": "59"
			},
			{
				"id": 6,
				"text": "((اللَّهُمَّ إِنِّي أَعُوذُ بِكَ مِنَ الْبُخْلِ، وَأَعوذُ بِكَ مِنَ الْجُبْنِ، وَأَعُوذُ بِكَ مِنْ أَنْ أُرَدَّ إِلَى أَرْذَلِ الْعُمُرِ، وَأَعُوذُ بِكَ مِنْ فِتْنَةِ الدُّنْيَا وَعَذَابِ الْقَبْرِ)).",
				"count": 1,
				"audio": "/audio/60.mp3",
				"filename": "60"
			},
			{
				"id": 7,
				"text": "((اللَّهُمَّ إِنِّي أَسْأَلُكَ الْجَنَّةَ وَأَعُوذُ بِكَ مِنَ النَّارِ)).",
				"count": 1,
				"audio": "/audio/61.mp3",
				"filename": "61"
			},
			{
				"id": 8,
				"text": "((اللَّهُمَّ بِعِلْمِكَ الغَيْبَ وَقُدْرَتِكَ عَلَى الْخَلقِ أَحْيِنِي مَا عَلِمْتَ الْحَيَاةَ خَيْراً لِي، وَتَوَفَّنِي إِذَا عَلِمْتَ الْوَفَاةَ خَيْراً لِي، اللَّهُمَّ إِنِّي أَسْأَلُكَ خَشْيَتَكَ فِي الْغَيْبِ وَالشَّهَادَةِ، وَأَسْأَلُكَ كَلِمَةَ الْحَقِّ فِي الرِّضَا وَالْغَضَبِ، وَأَسْأَلُكَ الْقَصْدَ فِي الْغِنَى وَالْفَقْرِ، وَأَسْأَلُكَ نَعِيماً لاَ يَنْفَدُ، وَأَسْأَلُكَ قُرَّةَ عَيْنٍ لاَ تَنْقَطِعُ، وَأَسْأَلُكَ الرِّضَا بَعْدَ الْقَضَاءِ، وَأَسْــــأَلُكَ بَرْدَ الْعَيْشِ بَعْدَ الْمَوْتِ، وَأَسْأَلُكَ لَذَّةَ النَّظَرِ إِلَى وَجْهِكَ، وَالشَّوْقَ إِلَى لِقائِكَ فِي غَيرِ ضَرَّاءَ مُضِرَّةٍ، وَلاَ فِتْنَةٍ مُضِلَّةٍ، اللَّهُمَّ زَيِّنَا بِزِينَةِ الإِيمَانِ، وَاجْعَلْنَا هُدَاةً مُهْتَدِينَ)).",
				"count": 1,
				"audio": "/audio/62.mp3",
				"filename": "62"
			},
			{
				"id": 9,
				"text": "((اللَّهُمَّ إِنِّي أَسْأَلُكَ يَا أَللَّهُ بِأَنَّكَ الْوَاحِدُ الْأَحَدُ الصَّمَدُ الَّذِي لَمْ يَلِدْ وَلَمْ يولَدْ، وَلَمْ يَكنْ لَهُ كُفُواً أَحَدٌ، أَنْ تَغْفِرَ لِي ذُنُوبِي إِنَّكَ أَنْتَ الْغَفُورُ الرَّحِّيمُ)).",
				"count": 1,
				"audio": "/audio/63.mp3",
				"filename": "63"
			},
			{
				"id": 10,
				"text": "((اللَّهُمَّ إِنِّي أَسْأَلُكَ بِأَنَّ لَكَ الْحَمْدَ لَا إِلَهَ إِلاَّ أَنْتَ وَحْدَكَ لاَ شَرِيكَ لَكَ، الْمَنَّانُ، يَا بَدِيعَ السَّمَوَاتِ وَالْأَرْضِ يَا ذَا الْجَلاَلِ وَالْإِكْرَامِ، يَا حَيُّ يَا قَيُّومُ إِنِّي أَسْأَلُكَ الْجَنَّةَ وَأَعُوذُ بِكَ مِنَ النَّارِ)).",
				"count": 1,
				"audio": "/audio/64.mp3",
				"filename": "64"
			},
			{
				"id": 11,
				"text": "((اللَّهُمَّ إِنِّي أَسْأَلُكَ بِأَنَّي أَشْهَدُ أَنَّكَ أَنْتَ اللَّهُ لاَ إِلَهَ إِلاَّ أَنْتَ الْأَحَدُ الصَّمَدُ الَّذِي لَمْ يَلِدْ وَلَمْ يُولَدْ وَلَمْ يَكُنْ لَهُ كُفُواً أَحَدٌ)) .",
				"count": 1,
				"audio": "/audio/65.mp3",
				"filename": "65"
			}
		],
    "الأذكار بعد السلام من الصلاة": [
			{
				"id": 1,
				"text": "((أَسْتَغْفِرُ اللَّهَ (ثَلاَثَاً) اللَّهُمَّ أَنْتَ السَّلاَمُ، وَمِنْكَ السَّلاَمُ، تَبَارَكْتَ يَا ذَا الْجَلاَلِ وَالْإِكْرَامِ)).",
				"count": 1,
				"audio": "/audio/66.mp3",
				"filename": "66"
			},
			{
				"id": 2,
				"text": "((لاَ إِلَهَ إِلاَّ اللَّهُ وَحْدَهُ لاَ شَرِيكَ لَهُ، لَهُ الْمُلْكُ وَلَهُ الْحَمْدُ وَهُوَ عَلَى كُلِّ شَيْءٍ قَدِيرٌ [ثلاثاً]، اللَّهُمَّ لاَ مَانِعَ لِمَا أَعْطَيْتَ، وَلاَ مُعْطِيَ لِمَا مَنَعْتَ، وَلاَ يَنْفَعُ ذَا الْجَدِّ مِنْكَ الجَدُّ)).",
				"count": 1,
				"audio": "/audio/67.mp3",
				"filename": "67"
			},
			{
				"id": 3,
				"text": "((لَا إِلَهَ إِلاَّ اللَّهُ وَحْدَهُ لاَ شَرِيكَ لَهُ، لَهُ الْمُلْكُ، وَلَهُ الْحَمدُ، وَهُوَ عَلَى كُلِّ شَيْءٍ قَدِيرٌ. لاَ حَوْلَ وَلاَ قُوَّةَ إِلاَّ بِاللَّهِ، لاَ إِلَهَ إِلاَّ اللَّهُ، وَلاَ نَعْبُدُ إِلاَّ إِيَّاهُ, لَهُ النِّعْمَةُ وَلَهُ الْفَضْلُ وَلَهُ الثَّنَاءُ الْحَسَنُ، لَا إِلَهَ إِلاَّ اللَّهُ مُخْلِصِينَ لَهُ الدِّينَ وَلَوْ كَرِهَ الكَافِرُونَ)).",
				"count": 1,
				"audio": "/audio/68.mp3",
				"filename": "68"
			},
			{
				"id": 4,
				"text": "((سُبْحَانَ اللَّهِ، وَالْحَمْدُ لِلَّهِ، وَاللَّهُ أَكْبَرُ (ثلاثاً وثلاثين) لاَ إِلَهَ إِلاَّ اللَّهُ وَحْدَهُ لاَ شَرِيكَ لَهُ، لَهُ الْمُلْكُ وَلَهُ الْحَمْدُ وَهُوَ عَلَى كُلِّ شَيْءٍ قَدِيرٌ)).",
				"count": 33,
				"audio": "/audio/69.mp3",
				"filename": "69"
			},
			{
				"id": 5,
				"text": "بسم الله الرحمن الرحيم ﴿قُلْ هُوَ اللَّهُ أَحَدٌ* اللَّهُ الصَّمَدُ* لَمْ يَلِدْ وَلَمْ يُولَدْ* وَلَمْ يَكُن لَّهُ كُفُواً أَحَدٌ﴾، بسم الله الرحمن الرحيم ﴿قُلْ أَعُوذُ بِرَبِّ الْفَلَقِ* مِن شَرِّ مَا خَلَقَ* وَمِن شَرِّ غَاسِقٍ إِذَا وَقَبَ* وَمِن شَرِّ النَّفَّاثَاتِ فِي الْعُقَدِ* وَمِن شَرِّ حَاسِدٍ إِذَا حَسَدَ﴾،بسم الله الرحمن الرحيم ﴿قُلْ أَعُوذُ بِرَبِّ النَّاسِ* مَلِكِ النَّاسِ* إِلَهِ النَّاسِ* مِن شَرِّ الْوَسْوَاسِ الْخَنَّاسِ* الَّذِي يُوَسْوِسُ فِي صُدُورِ النَّاسِ* مِنَ الْجِنَّةِ وَ النَّاسِ﴾ بَعْدَ كُلِّ صَلاَةٍ.",
				"count": 1,
				"audio": "/audio/70.mp3",
				"filename": "70"
			},
			{
				"id": 6,
				"text": "﴿اللَّهُ لاَ إِلَهَ إِلاَّ هُوَ الْحَيُّ الْقَيُّومُ لاَ تَأْخُذُهُ سِنَةٌ وَلاَ نَوْمٌ لَّهُ مَا فِي السَّمَوَاتِ وَمَا فِي الأَرْضِ مَن ذَا الَّذِي يَشْفَعُ عِنْدَهُ إِلاَّ بِإِذْنِهِ يَعْلَمُ مَا بَيْنَ أَيْدِيهِمْ وَمَا خَلْفَهُمْ وَلاَ يُحِيطُونَ بِشَيْءٍ مِّنْ عِلْمِهِ إِلاَّ بِمَا شَاءَ وَسِعَ كُرْسِيُّهُ السَّمَوَاتِ وَالأَرْضَ وَلاَ يَؤُودُهُ حِفْظُهُمَا وَهُوَ الْعَلِيُّ الْعَظِيمُ﴾ عَقِبَ كلِّ صَلاَةٍ.",
				"count": 1,
				"audio": "/audio/71.mp3",
				"filename": "71"
			},
			{
				"id": 7,
				"text": "((لاَ إِلَهَ إِلاَّ اللَّهُ وَحْدَهُ لاَ شَرِيكَ لَهُ، لَهُ الْمُلْكُ وَلَهُ الْحَمْدُ يُحْيِي وَيُمِيتُ وَهُوَ عَلَى كُلِّ شَيْءٍ قَدِيرٌ)) عَشْرَ مَرّاتٍ بَعْدَ صَلاةِ الْمَغْرِبِ وَالصُّبْحِ.",
				"count": 10,
				"audio": "/audio/72.mp3",
				"filename": "72"
			},
			{
				"id": 8,
				"text": "((اللَّهُمَّ إِنِّي أَسْأَلُكَ عِلْماً نافِعاً، وَرِزْقاً طَيِّباً، وَعَمَلاً مُتَقَبَّلاً)) بَعْدَ السّلامِ مِنْ صَلاَةِ الفَجْرِ.",
				"count": 1,
				"audio": "/audio/73.mp3",
				"filename": "73"
			}
		],

	

     "دعاء التعجب والأمر السار": [
			{
				"id": 1,
				"text": "((سُبْحَانَ اللَّهِ!)).",
				"count": 1,
				"audio": "/audio/240.mp3",
				"filename": "240"
			},
			{
				"id": 2,
				"text": "((اللَّهُ أَكْبَرُ!)).",
				"count": 1,
				"audio": "/audio/241.mp3",
				"filename": "241"
			}
		],
    "ما يفعل من أتاه أمر يسره": [
			{
				"id": 1,
				"text": "((كَانَ النَّبيُّ صلى الله عليه وسلم إِذَا أَتَاهُ أَمْرٌ يَسُرُّهُ أَوْ يُسَرُّ بِهِ خَرَّ سَاجِداً شُكْراً لِلَّهِ تَبَارَكَ وَتَعَالَى)).",
				"count": 1,
				"audio": "/audio/242.mp3",
				"filename": "242"
			}
		],
    "ما يقول من أحس وجعا في جسده": [
			{
				"id": 1,
				"text": "((ضَعْ يَدَكَ عَلَى الَّذِي تَألَّمَ مِنْ جَسَدِكَ وَقُلْ: بِسْمِ اللَّهِ، ثَلاَثاً، وَقُلْ سَبْعَ مَرَّاتٍ: أَعُوذُ بِاللَّهِ وَقُدْرَتِهِ مِنْ شَرِّ مَا أَجِدُ وَأُحَاذِرُ)).",
				"count": 1,
				"audio": "/audio/243.mp3",
				"filename": "243"
			}
		],
    "دعاء من خشي أن يصيب شيئا بعينه": [
			{
				"id": 1,
				"text": "((إِذَا رَأَى أَحَدُكُم مِنْ أَخِيهِ، أَوْ مِنْ نَفْسِهِ، أَوْ مِنْ مَالِهِ مَا يُعْجِبُهُ [فَلْيَدْعُ لَهُ بِالْبَرَكَةِ] فَإِنَّ الْعَيْنَ حَقٌّ)).",
				"count": 1,
				"audio": "/audio/244.mp3",
				"filename": "244"
			}
		],
    "ما يقال عند الفزع": [
			{
				"id": 1,
				"text": "((لاَ إِلَهَ إِلاَّ اللَّهُ!)).",
				"count": 1,
				"audio": "/audio/245.mp3",
				"filename": "245"
			}
		],
    "ما يقول عند الذبح أو النحر": [
			{
				"id": 1,
				"text": "((بِسْمِ اللَّهِ وَاللَّهُ أَكْبَرُ [اللَّهُمَّ مِنْكَ وَلَكَ] اللَّهُمَّ تَقَبَّلْ مِنِّي)).",
				"count": 1,
				"audio": "/audio/246.mp3",
				"filename": "246"
			}
		],
    "ما يقول لرد كيد مردة الشياطين": [
			{
				"id": 1,
				"text": "((أَعُوذُ بكَلِمَاتِ اللَّهِ التَّامَّاتِ الَّتِي لاَ يُجَاوِزُهُنَّ بَرٌّ وَلاَ فَاجِرٌ: مِنْ شَرِّ مَا خَلَقَ، وَبَرَأَ وَذَرَأَ، وَمِنْ شَرِّ مَا يَنْزِلُ مِنَ السَّمَاءِ، وَمِنْ شَرِّ مَا يَعْرُجُ فيهَا، وَمِنْ شَرِّ مَا ذَرَأَ فِي الْأَرْضِ، وَمِنْ شَرِّ مَا يَخْرُجُ مِنْهَا، وَمِنْ شَرِّ فِتَنِ اللَّيْلِ وَالنَّهَارِ، وَمِنْ شَرِّ كُلِّ طَارِقٍ إِلاَّ طَارِقاً يَطْرُقُ بِخَيْرٍ يَا رَحْمَنُ)).",
				"count": 1,
				"audio": "/audio/247.mp3",
				"filename": "247"
			}
		],
    "الاستغفار و التوبة" : [
			{
				"id": 1,
				"text": "قَالَ رَسُولُ اللَّهِ صلى الله عليه وسلم: ((وَاللَّهِ إِنِّي لأَسْتَغفِرُ اللَّهَ وَأَتُوبُ إِلَيْهِ فِي الْيَوْمِ أَكْثَرَ مِنْ سَبْعِينَ مَرَّةٍ)).",
				"count": 1,
				"audio": "/audio/248.mp3",
				"filename": "248"
			},
			{
				"id": 2,
				"text": "وَقَالَ صلى الله عليه وسلم: ((يَا أَيُّهَا النَّاسُ تُوبُوا إِلَى اللَّهِ فَإِنِّي أَتُوبُ فِي الْيَوْمِ إِلَيْهِ مِائَةَ مَرَّةٍ)).",
				"count": 1,
				"audio": "/audio/249.mp3",
				"filename": "249"
			},
			{
				"id": 3,
				"text": "وَقَالَ صلى الله عليه وسلم: ((مَنْ قَالَ أَسْتَغْفِرُ اللَّهَ الْعَظيمَ الَّذِي لاَ إِلَهَ إِلاَّ هُوَ الْحَيُّ القَيّوُمُ وَأَتُوبُ إِلَيهِ، غَفَرَ اللَّهُ لَهُ وَإِنْ كَانَ فَرَّ مِنَ الزَّحْفِ)).",
				"count": 1,
				"audio": "/audio/250.mp3",
				"filename": "250"
			},
			{
				"id": 4,
				"text": "وَقَالَ صلى الله عليه وسلم: ((أَقْرَبُ مَا يَكُونُ الرَّبُّ مِنَ الْعَبْدِ فِي جَوْفِ اللَّيْلِ الآخِرِ فَإِنِ اسْتَطَعْتَ أَنْ تَكُونَ مِمَّنْ يَذْكُرُ اللَّهَ فِي تِلْكَ السَّاعَةِ فَكُنْ)).",
				"count": 1,
				"audio": "/audio/251.mp3",
				"filename": "251"
			},
			{
				"id": 5,
				"text": "وَقَالَ صلى الله عليه وسلم: ((أَقْرَبُ مَا يَكُونُ الْعَبْدُ مِنْ رَبِّهِ وَهُوَ سَاجِدٌ فَأَكثِرُوا الدُّعَاءَ)).",
				"count": 1,
				"audio": "/audio/252.mp3",
				"filename": "252"
			},
			{
				"id": 6,
				"text": "وَقَالَ صلى الله عليه وسلم: ((إِنَّهُ لَيُغَانُ عَلَى قَلْبِي وَإِنِّي لأَسْتَغْفِرُ اللَّهَ فِي الْيَوْمِ مِائَةَ مَرَّةٍ)).",
				"count": 1,
				"audio": "/audio/253.mp3",
				"filename": "253"
			}
		],
    "فضل التسبيح و التحميد، و التهليل، و التكبير": [
			{
				"id": 1,
				"text": "قَالَ صلى الله عليه وسلم مَنْ قَالَ: سُبْحَانَ اللَّهِ وَبِحَمْدِهِ فِي يَوْمٍ مِائَةَ مَرَّةٍ حُطَّتْ خَطَايَاهُ وَلَوْ كَانَتْ مِثْلَ زَبَدِ الْبَحْر)).",
				"count": 100,
				"audio": "/audio/254.mp3",
				"filename": "254"
			},
			{
				"id": 2,
				"text": "وَقَالَ صلى الله عليه وسلم: ((مَنْ قَالَ لاَ إِلَهَ إِلاَّ اللَّهُ وَحْدَهُ لاَ شَرِيكَ لَهُ، لَهُ الْمُلْكُ، وَلَهُ الْحَمْدُ، وَهُوَ عَلَى كُلِّ شَيْءٍ قَدِيرٌ عَشْرَ مِرَارٍ، كَانَ كَمَنْ أَعْتَقَ أَرْبَعَةَ أَنْفُسٍ مِنْ وَلَدِ إِسْمَاعِيلَ)).",
				"count": 10,
				"audio": "/audio/255.mp3",
				"filename": "255"
			},
			{
				"id": 3,
				"text": "وَقَالَ صلى الله عليه وسلم: ((كَلِمَتَانِ خَفِيفَتَانِ عَلَى اللِّسَانِ، ثَقِيلَتَانِ فِي الْمِيزَانِ، حَبِيبَتَانِ إِلَى الرَّحْمَنِ: سُبْحَانَ اللَّهِ وَبِحَمْدِهِ، سُبْحانَ اللَّهِ الْعَظِيمِ)).",
				"count": 1,
				"audio": "/audio/256.mp3",
				"filename": "256"
			},
			{
				"id": 4,
				"text": "وَقَالَ صلى الله عليه وسلم: ((لَأَنْ أَقُولَ سُبْحَانَ اللَّهِ، وَالْحَمْدُ لِلَّهِ، وَلاَ إِلَهَ إِلاَّ اللَّهُ، وَاللَّهُ أَكْبَرُ، أَحَبُّ إِلَيَّ مِمَّا طَلَعَتْ عَلَيْهِ الشَّمسُ)).",
				"count": 1,
				"audio": "/audio/257.mp3",
				"filename": "257"
			},
			{
				"id": 5,
				"text": "وَقَالَ صلى الله عليه وسلم: ((أَيَعْجِزُ أَحَدُكُم أَنْ يَكْسِبَ كُلَّ يَوْمٍ أَلْفَ حَسَنَةٍ)) فَسَأَلَهُ سَائِلٌ مِنْ جُلَسَائِهِ كَيْفَ يَكْسِبُ أَحَدُنَا أَلْفَ حَسَنَةٍ؟ قَالَ: ((يُسَبِّحُ مِائَةَ تَسْبِيحَةٍ، فَيُكتَبُ لَهُ أَلْفُ حَسَنَةٍ أَوْ يُحَطُّ عَنْهُ أَلْفُ خَطِيئَةٍ)).",
				"count": 100,
				"audio": "/audio/258.mp3",
				"filename": "258"
			},
			{
				"id": 6,
				"text": "((مَنْ قَالَ: سُبْحَانَ اللَّهِ الْعَظِيمِ وَبِحَمْدِهِ غُرِسَتْ لَهُ نَخْلَةٌ فِي الْجَنَّةِ)).",
				"count": 1,
				"audio": "/audio/259.mp3",
				"filename": "259"
			},
			{
				"id": 7,
				"text": "وَقَالَ صلى الله عليه وسلم: ((يَا عَبْدَ اللَّهِ بْنَ قَيْسٍ أَلاَ أَدُلُّكَ عَلَى كَنْزٍ مِنْ كُنُوزِ الْجَنَّةِ))؟ فَقُلْتُ: بَلَى يَا رَسُولَ اللَّهِ، قَالَ: ((قُلْ لاَ حَوْلَ وَلاَ قُوَّةَ إِلاَّ بِاللَّهِ)).",
				"count": 1,
				"audio": "/audio/260.mp3",
				"filename": "260"
			},
			{
				"id": 8,
				"text": "وَقَالَ صلى الله عليه وسلم: ((أَحَبُّ الْكَلاَمِ إِلَى اللَّهِ أَرْبَعٌ: سُبْحَانَ اللَّهِ، وَالْحَمْدُ لِلَّهِ، وَلاَ إِلَهَ إِلاَّ اللَّهُ، وَاللَّهُ أَكْبَرُ، لاَ يَضُرُّكَ بِأَيِّهِنَّ بَدَأتَ)).",
				"count": 1,
				"audio": "/audio/261.mp3",
				"filename": "261"
			},
			{
				"id": 9,
				"text": "جَاءَ أَعْرَابِيٌّ إِلَى رَسُولِ اللَّهِ صلى الله عليه وسلم فَقَالَ: عَلِّمْنِي كَلاماً أَقُولُهُ: قَالَ: ((قُلْ: لاَ إِلَهَ إِلاَّ اللَّهُ وَحْدَهُ لاَ شَرِيكَ لَهُ، اللَّهُ أَكْبَرُ كَبِيراً، وَالْحَمْدُ لِلَّهِ كَثِيراً، سُبْحَانَ اللَّهِ رَبِّ العَالَمِينَ، لاَ حَوْلَ وَلاَ قُوَّةَ إِلاَّ بِاللَّهِ الْعَزِيزِ الْحَكِيمِ)) قَالَ: فَهَؤُلاَءِ لِرَبِّي، فَمَا لِي؟ قَالَ: ((قُلْ: اللَّهُمَّ اغْفِرْ لِي، وَارْحَمْنِي، وَاهْدِنِي، وَارْزُقْنِي)).",
				"count": 1,
				"audio": "/audio/262.mp3",
				"filename": "262"
			},
			{
				"id": 10,
				"text": "كَانَ الرَّجُلُ إِذَا أَسْلَمَ عَلَّمَهُ النَّبيُّ صلى الله عليه وسلم الصَّلاَةَ ثُمَّ أَمَرَهُ أَنْ يَدْعُوَ بِهَؤُلاَءِ الْكَلِمَاتِ: ((اللَّهُمَّ اغْفِرِ لِي، وَارْحَمْنِي، وَاهْدِنِي، وَعَافِنِي وَارْزُقْنِي)).",
				"count": 1,
				"audio": "/audio/263.mp3",
				"filename": "263"
			},
			{
				"id": 11,
				"text": "((إِنَّ أَفْضَلَ الدُّعَاءِ الْحَمْدُ لِلَّهِ، وَأَفْضَلَ الذِّكْرِ لاَ إِلَهَ إِلاَّ اللَّهُ)).",
				"count": 1,
				"audio": "/audio/264.mp3",
				"filename": "264"
			},
			{
				"id": 12,
				"text": "الباقيات الصالحات : سبحان الله والحمد لله ، ولا إله إلا الله ،والله أكبر ،و لا حول ولا قوة إلا بالله",
				"count": 1,
				"audio": "/audio/265.mp3",
				"filename": "265"
			}
		],
  "كيف كان النبي يسبح؟": [
			{
				"id": 1,
				"text": "عَنْ عَبْدِ اللَّهِ بْنِ عَمْرٍو رضي الله عنه قَالَ: ((رَأَيْتُ النَّبيَّ صلى الله عليه وسلم يَعْقِدُ التَّسْبِيحَ)) وفي زيادةٍ: ((بِيَمِينِهِ)).",
				"count": 1,
				"audio": "/audio/266.mp3",
				"filename": "266"
			}
		],
    "من أنواع الخير والآداب الجامعة": [
			{
				"id": 1,
				"text": "قَالَ النَّبِيُّ صلى الله عليه وسلم ((إِذَا كَانَ جُنْحُ اللَّيْلِ – أَوْ أَمْسَيْتُم – فَـكُفُّوا صِبْيانَـكُم، فَإِنَّ الشَّيَاطِينَ تَنْتَشِرُ حِينَئِذٍ، فَإِذَا ذَهَبَ سَاعَةٌ مِنَ اللَّيلِ فَخَلُّوهُمْ، وَأَغْلِقُوا الأَبْوَابَ وَاذْكُرُوا اسْمَ اللَّهِ؛ فَإِنَّ الشَّيطَانَ لاَ يَفْتَحُ بَاباً مُغلَقاً، وَأَوْكُوا قِرَبَكُمْ، وَاذْكُرُوا اسْمَ اللَّهِ، وَخَمِّرُوا آنِيَتَكُم، وَاذْكُرُوا اسْمَ اللَّهِ، وَلَوْ أَنْ تَعْرُضُوا عَلَيْهَا شَيْئاً، وَأَطْفِئُوا مَصَابِيحَكُمْ)).",
				"count": 1,
				"audio": "/audio/267.mp3",
				"filename": "267"
			}
		]
	
}