{
  "ayahs": [
    {
      "ayah": "وَاعْبُدُوا اللَّهَ وَلَا تُشْرِكُوا بِهِ شَيْئًا",
      "surah": "النساء",
      "ayah_number": 36
    },
    {
      "ayah": "إِنَّ اللَّهَ مَعَ الصَّابِرِينَ",
      "surah": "البقرة",
      "ayah_number": 153
    },
    {
      "ayah": "وَإِذَا سَأَلَكَ عِبَادِي عَنِّي فَإِنِّي قَرِيبٌ",
      "surah": "البقرة",
      "ayah_number": 186
    },
    {
      "ayah": "اللَّهُ لَا إِلٰهَ إِلَّا هُوَ",
      "surah": "آل عمران",
      "ayah_number": 2
    },
    {
      "ayah": "إِنَّ مَعَ الْعُسْرِ يُسْرًا",
      "surah": "الشرح",
      "ayah_number": 6
    },
    {
      "ayah": "فَذُوقُوا بِمَا نَسِيتُمْ لِقَاءَ يَوْمِكُمْ إِنَّا نَسِينَاكُمْ",
      "surah": "الجاثية",
      "ayah_number": 34
    },
    {
      "ayah": "رَبُّ السَّمَاوَاتِ وَالْأَرْضِ وَمَا فِيهِنَّ",
      "surah": "الحديد",
      "ayah_number": 3
    },
    {
      "ayah": "وَقُلْ رَبِّ زِدْنِي عِلْمًا",
      "surah": "طه",
      "ayah_number": 114
    },
    {
      "ayah": "يُحْيِ وَيُمِيتُ وَهُوَ عَلَىٰ كُلِّ شَيْءٍ قَدِيرٌ",
      "surah": "آل عمران",
      "ayah_number": 26
    },
    {
      "ayah": "إِنَّ اللَّهَ يَأْمُرُكُمْ أَنْ تُؤَدُّوا الْأَمَانَاتِ إِلَىٰ أَهْلِهَا",
      "surah": "النساء",
      "ayah_number": 58
    },
    {
      "ayah": "وَأَنَّ إِلَىٰ رَبِّكَ الْمُنْتَهَىٰ",
      "surah": "النجم",
      "ayah_number": 42
    },
    {
      "ayah": "وَمَا تَوْفِيقِي إِلَّا بِاللَّهِ",
      "surah": "هود",
      "ayah_number": 88
    },
    {
      "ayah": "فَتَعَالَىٰ اللَّهُ الْمَلِكُ الْحَقُّ",
      "surah": "المؤمنون",
      "ayah_number": 116
    },
    {
      "ayah": "إِنَّ اللَّـهَ غَفُورٌ رَحِيمٌ",
      "surah": "النساء",
      "ayah_number": 96
    },
    {
      "ayah": "إِنَّ أَكْرَمَكُمْ عِندَ اللَّـهِ أَتْقَاكُمْ",
      "surah": "الحجرات",
      "ayah_number": 13
    }
  ]
}
